{"extrinsics":{"coordinatesOrigin":[-265321.4105484304,23052.4652946497,-73810.18919660046],"gridXVec":[0.8254438775149248,0.3527933700835317,-0.4406577391788667],"gridZVec":[0.5594475450556228,-0.4072366690976891,0.7219257161740776],"upVec":[0.07523861644370015,-0.8424340528298476,-0.533520400011391]},"intrinsics":{"camCenterHeight":632.1965575634032,"camCenterWidth":1115.0406699188213,"fConstantHoriz":1137.157655643505,"fConstantVert":1117.1416968233184,"imageHeight":1080.0,"imageWidth":1920.0,"k1":-0.26315237533704033,"k2":0.05680814827687795}}