{"extrinsics":{"coordinatesOrigin":[145933.48976882081,83849.94161726943,-219192.95427301413],"gridXVec":[0.30554769292115436,-0.3989170257031395,0.8645841855798201],"gridZVec":[-0.9495399201497927,-0.060126894674002535,0.3078290054214926],"upVec":[-0.07081346900473108,-0.915013640958987,-0.3971592746827066]},"intrinsics":{"camCenterHeight":544.8931870020981,"camCenterWidth":977.4411356745097,"fConstantHoriz":1430.270397114651,"fConstantVert":1443.3450379227502,"imageHeight":1080.0,"imageWidth":1920.0,"k1":-0.40458628585823453,"k2":0.18431056370811819}}