{"extrinsics":{"coordinatesOrigin":[30728.2303200539,-140001.4287638453,236280.01924634975],"gridXVec":[-0.8307481249700044,0.29419111234948286,-0.4725559673450288],"gridZVec":[0.5564220745382705,0.41466419406565297,-0.7200333888969376],"upVec":[-0.0158753842583168,-0.8611069594274896,-0.5081759307564603]},"intrinsics":{"camCenterHeight":602.950471301038,"camCenterWidth":1062.695135527685,"fConstantHoriz":1215.252691607113,"fConstantVert":1227.9482894958712,"imageHeight":1080.0,"imageWidth":1920.0,"k1":-0.3571923188767167,"k2":0.10218190007653355}}