{"extrinsics":{"coordinatesOrigin":[-53065.78629953289,-173235.35203674532,208681.82640559465],"gridXVec":[-0.6256314802201902,0.5086110218788527,-0.5915235239454497],"gridZVec":[0.7799258176891485,0.3909275663330615,-0.48876513458185794],"upVec":[-0.017348482913682888,-0.7671313227239899,-0.6412554591084069]},"intrinsics":{"camCenterHeight":587.0552449630919,"camCenterWidth":852.7612915838193,"fConstantHoriz":1079.8829065400653,"fConstantVert":1081.7821535702612,"imageHeight":1080.0,"imageWidth":1920.0,"k1":-0.20203539475022828,"k2":0.027137657810344874}}