{"extrinsics":{"coordinatesOrigin":[-274039.6372868631,17391.17944016028,-31188.605627778816],"gridXVec":[0.738594656242916,0.36160862863404697,-0.568961451652757],"gridZVec":[0.6741178436129156,-0.3879419488305266,0.6285429000953272],"upVec":[0.006562521777521946,-0.8477854941168645,-0.5302986793052975]},"intrinsics":{"camCenterHeight":794.5133949786717,"camCenterWidth":1012.5898568521246,"fConstantHoriz":1359.1324585165792,"fConstantVert":1431.868138518581,"imageHeight":1080.0,"imageWidth":1920.0,"k1":-0.277012959094238,"k2":0.05685612014109202}}