{"extrinsics":{"coordinatesOrigin":[45279.70181419421,148626.96250563583,-228548.74165242544],"gridXVec":[0.6471512877631095,-0.38821789736370554,0.6561113281395563],"gridZVec":[-0.7612245761911821,-0.37604436535463737,0.5283254488358308],"upVec":[0.04162157312144588,-0.8413545622693983,-0.5388785996858336]},"intrinsics":{"camCenterHeight":549.698349388593,"camCenterWidth":1046.496955779464,"fConstantHoriz":1191.8789311198805,"fConstantVert":1223.83659877623,"imageHeight":1080.0,"imageWidth":1920.0,"k1":-0.2993533646303088,"k2":0.06875972654419946}}