{
    "extrinsics": {
        "coordinatesOrigin": [
            271261.992419605,
            -33001.70055449046,
            41239.59091827044
        ],
        "gridXVec": [
            -0.7693370691637017,
            -0.13983747057211873,
            0.6233505882203028
        ],
        "gridZVec": [
            -0.634980200422936,
            0.2745238073119523,
            -0.7221058262400302
        ],
        "upVec": [
            -0.07014712454158693,
            -0.9513580614274214,
            -0.2999953664235583
        ]
    },
    "intrinsics": {
        "camCenterHeight": 527.8945139849575,
        "camCenterWidth": 927.3896869827801,
        "fConstantHoriz": 2025.932625845459,
        "fConstantVert": 1987.6174358637422,
        "imageHeight": 1080.0,
        "imageWidth": 1920.0,
        "k1": -0.2888136766835844,
        "k2": -0.04909032611188369
    }
}