{"extrinsics":{"coordinatesOrigin":[275373.3340018424,-15935.228374165365,17041.55359646617],"gridXVec":[-0.7059419951156475,-0.34630112755333986,0.6178360855335535],"gridZVec":[-0.7080229412350735,0.36806498554679123,-0.6026870507147758],"upVec":[-0.018692624667869712,-0.8629042214925856,-0.5050216731124517]},"intrinsics":{"camCenterHeight":632.0154359309973,"camCenterWidth":880.4404874393774,"fConstantHoriz":1140.391709656992,"fConstantVert":1156.1584599798284,"imageHeight":1080.0,"imageWidth":1920.0,"k1":-0.2261584136255008,"k2":0.028169203999232638}}